,Country Name,Country Code,Series Name,Series Code,1960 [YR1960],1961 [YR1961],1962 [YR1962],1963 [YR1963],1964 [YR1964],1965 [YR1965],1966 [YR1966],1967 [YR1967],1968 [YR1968],1969 [YR1969],1970 [YR1970],1971 [YR1971],1972 [YR1972],1973 [YR1973],1974 [YR1974],1975 [YR1975],1976 [YR1976],1977 [YR1977],1978 [YR1978],1979 [YR1979],1980 [YR1980],1981 [YR1981],1982 [YR1982],1983 [YR1983],1984 [YR1984],1985 [YR1985],1986 [YR1986],1987 [YR1987],1988 [YR1988],1989 [YR1989],1990 [YR1990],1991 [YR1991],1992 [YR1992],1993 [YR1993],1994 [YR1994],1995 [YR1995],1996 [YR1996],1997 [YR1997],1998 [YR1998],1999 [YR1999],2000 [YR2000],2001 [YR2001],2002 [YR2002],2003 [YR2003],2004 [YR2004],2005 [YR2005],2006 [YR2006],2007 [YR2007],2008 [YR2008],2009 [YR2009],2010 [YR2010],2011 [YR2011],2012 [YR2012],2013 [YR2013],2014 [YR2014],2015 [YR2015],2016 [YR2016],2017 [YR2017],2018 [YR2018],2019 [YR2019],Index,Country,Notes,Country code,Type,Parent code,Reference date (as of 1 July),TOTAL POP,0-4,5-9,10-14,15-19,20-39,40-59,60+,0-4(%),5-9(%),10-14(%),15-19(%),20-39(%),40-59(%),60+ (%)
0,India,IND,"Agriculture, forestry, and fishing, value added (% of GDP)",NV.AGR.TOTL.ZS,41.31283906,40.38740161,38.3713352,39.31975131,41.18773833,38.95214348,40.02544761,42.76762174,41.63355064,41.35834331,39.9278062,38.0997785,38.01772227,41.1620452,38.19969328,35.26950135,33.44297129,34.94772597,33.16003828,31.28095945,33.05748473,31.71514239,30.57047008,31.32414522,30.14679253,28.63528435,27.4687606,26.88407028,27.98222891,26.91794315,26.89643825,27.33321814,26.66977197,26.88180084,26.38861888,24.45685527,25.41703075,24.34535709,24.37882105,22.98896098,21.60895747,21.62050461,19.5366997,19.58060679,17.81469065,17.62020695,16.80944209,16.75011976,16.79094236,16.74427016,17.02650901,17.19197043,16.84537707,17.14842354,16.79193451,16.17450811,16.24980967,15.61945495,14.60193402,..,86,India,,356,Country/Area,5501,2020," 1,380,004 "," 116,880 "," 117,982 "," 126,156 "," 126,046 "," 455,538 "," 297,792 "," 139,610 ",8.5%,8.5%,9.1%,9.1%,33.0%,21.6%,10.1%
1,India,IND,Broad money (% of GDP),FM.LBL.BMNY.GD.ZS,22.07192494,21.50187279,21.93070271,21.11628266,19.8063983,20.8286159,20.46046262,19.10576984,19.76184719,20.37480783,21.3730684,23.37055216,24.46631847,24.02073514,22.83545604,24.2610089,28.03063742,29.48112123,32.97581324,35.39489208,34.466552,34.45679403,36.10517587,36.23599945,38.1562583,39.52833976,41.66114612,42.63416644,42.50398944,42.81633591,42.18377309,43.41785553,44.14442931,44.88345888,46.02146548,43.54530888,44.68943655,47.4599823,48.90130685,51.06492596,54.64512918,57.73906777,62.61952452,63.1792536,64.63570806,65.5481219,68.06302179,72.28042392,77.37295611,79.07519635,77.67995244,78.83729063,76.91318852,78.18217173,77.89935376,78.01191058,74.69136738,74.12266627,73.66713424,..,86,India,,356,Country/Area,5501,2020," 1,380,004 "," 116,880 "," 117,982 "," 126,156 "," 126,046 "," 455,538 "," 297,792 "," 139,610 ",8.5%,8.5%,9.1%,9.1%,33.0%,21.6%,10.1%
2,India,IND,"Central government debt, total (% of GDP)",GC.DOD.TOTL.GD.ZS,..,..,..,..,..,..,..,..,..,..,..,..,..,..,..,..,..,..,..,..,..,..,..,..,..,..,..,..,..,..,50.78325379,50.01008036,49.68090136,51.75980829,49.5942827,47.4916413,45.7233077,50.36543613,50.31921817,51.35295144,55.0042465,59.0179098,62.5527713,62.1900539,62.59297674,62.2265261,59.66673028,57.49753639,57.29221428,55.25644611,51.5919103,51.55654015,50.67803056,50.31182736,..,..,..,..,..,..,86,India,,356,Country/Area,5501,2020," 1,380,004 "," 116,880 "," 117,982 "," 126,156 "," 126,046 "," 455,538 "," 297,792 "," 139,610 ",8.5%,8.5%,9.1%,9.1%,33.0%,21.6%,10.1%
3,India,IND,"Claims on central government, etc. (% GDP)",FS.AST.CGOV.GD.ZS,15.00006204,14.72533036,15.18662561,14.64131654,13.44842175,14.09378327,13.76697287,12.49959887,12.27454845,11.58573532,11.39805134,12.86587504,13.73133641,13.17165955,12.53289156,12.60249381,12.14914259,12.35664948,13.06674745,14.44307224,16.05107242,16.80479949,18.20389379,17.92934568,19.37890013,21.08185778,22.77388136,23.7641882,23.60998648,23.92569728,24.34236804,25.24682126,23.39950151,23.71089071,21.97002188,20.06034098,20.83325701,21.15814932,21.48861292,22.11802012,22.76208402,24.33461765,25.2193608,24.790494,22.14252799,19.08511443,17.65491748,16.22040558,19.48575177,23.15596442,22.83789485,24.81906098,25.25325286,25.46563202,23.97973397,23.69651445,25.27267613,23.20553608,21.96427648,..,86,India,,356,Country/Area,5501,2020," 1,380,004 "," 116,880 "," 117,982 "," 126,156 "," 126,046 "," 455,538 "," 297,792 "," 139,610 ",8.5%,8.5%,9.1%,9.1%,33.0%,21.6%,10.1%
4,India,IND,Claims on other sectors of the domestic economy (% of GDP),FS.AST.DOMO.GD.ZS,..,..,..,..,..,..,..,..,..,..,..,..,..,..,..,..,..,..,..,..,..,..,..,..,..,..,..,..,..,..,..,..,..,..,..,..,..,..,..,..,..,..,..,..,..,..,..,..,..,..,..,..,..,..,..,..,..,..,..,..,86,India,,356,Country/Area,5501,2020," 1,380,004 "," 116,880 "," 117,982 "," 126,156 "," 126,046 "," 455,538 "," 297,792 "," 139,610 ",8.5%,8.5%,9.1%,9.1%,33.0%,21.6%,10.1%
5,India,IND,CO2 emissions (kg per 2010 US$ of GDP),EN.ATM.CO2E.KD.GD,0.810508399,0.845057111,0.903251341,0.915225997,0.832752356,0.942299593,0.975733853,0.907407636,0.954602204,0.912211968,0.887572122,0.921222194,0.98025442,0.977270435,0.998753512,0.994737135,1.023406807,1.009403258,0.9686969,1.072057786,1.062337629,1.081362976,1.078347274,1.088543507,1.07464908,1.122426582,1.148833792,1.179660193,1.162153973,1.203880203,1.219852846,1.283198431,1.292094981,1.276915796,1.265076613,1.248017498,1.261591116,1.26108037,1.211621708,1.18395264,1.181479017,1.137265706,1.109380841,1.072766623,1.043479751,1.024031368,1.010549417,1.01343967,1.095380337,1.125788576,1.026304159,1.044422437,1.08541567,1.028473591,1.053341566,..,..,..,..,..,86,India,,356,Country/Area,5501,2020," 1,380,004 "," 116,880 "," 117,982 "," 126,156 "," 126,046 "," 455,538 "," 297,792 "," 139,610 ",8.5%,8.5%,9.1%,9.1%,33.0%,21.6%,10.1%
6,India,IND,CO2 emissions (kg per 2011 PPP $ of GDP),EN.ATM.CO2E.PP.GD.KD,..,..,..,..,..,..,..,..,..,..,..,..,..,..,..,..,..,..,..,..,..,..,..,..,..,..,..,..,..,..,0.372037993,0.391357507,0.39407083,0.389441391,0.385830607,0.380627816,0.384767579,0.384611809,0.369527611,0.361088934,0.360334514,0.346850074,0.338345582,0.327178759,0.318246675,0.312315191,0.308203385,0.309084872,0.334075625,0.343349711,0.31300836,0.318534181,0.331036541,0.313670007,0.32125439,..,..,..,..,..,86,India,,356,Country/Area,5501,2020," 1,380,004 "," 116,880 "," 117,982 "," 126,156 "," 126,046 "," 455,538 "," 297,792 "," 139,610 ",8.5%,8.5%,9.1%,9.1%,33.0%,21.6%,10.1%
7,India,IND,CO2 emissions (kg per PPP $ of GDP),EN.ATM.CO2E.PP.GD,..,..,..,..,..,..,..,..,..,..,..,..,..,..,..,..,..,..,..,..,..,..,..,..,..,..,..,..,..,..,0.573313866,0.583357678,0.574314067,0.554431152,0.537806427,0.519657946,0.515864188,0.506914161,0.481612704,0.463916368,0.452824339,0.426523275,0.40958657,0.388847232,0.368315738,0.350532191,0.335756556,0.327908315,0.347658602,0.354606415,0.319546804,0.318534181,0.324807229,0.30245958,0.304021151,..,..,..,..,..,86,India,,356,Country/Area,5501,2020," 1,380,004 "," 116,880 "," 117,982 "," 126,156 "," 126,046 "," 455,538 "," 297,792 "," 139,610 ",8.5%,8.5%,9.1%,9.1%,33.0%,21.6%,10.1%
8,India,IND,Coal rents (% of GDP),NY.GDP.COAL.RT.ZS,..,..,..,..,..,..,..,..,..,..,..,0.214919817,0.234750421,0.246383667,0.469979656,1.175098641,1.218112352,1.065162138,0.834617246,0.755647143,0.921482053,1.440537313,1.559426473,0.977695077,0.87887344,0.876923465,0.674837149,0.414465806,0.524944123,0.690999208,0.763458459,0.965774468,0.829883037,0.603065006,0.56542253,0.853624127,0.761013344,0.646750745,0.513881273,0.356819634,0.488234502,0.845222418,0.585104569,0.621515922,1.409852134,1.121121638,1.096460374,1.156314568,2.785205907,1.301623244,1.502950588,1.948726598,1.398757452,1.125027003,0.92744406,0.761820732,0.816468092,0.969900795,..,..,86,India,,356,Country/Area,5501,2020," 1,380,004 "," 116,880 "," 117,982 "," 126,156 "," 126,046 "," 455,538 "," 297,792 "," 139,610 ",8.5%,8.5%,9.1%,9.1%,33.0%,21.6%,10.1%
9,India,IND,Current account balance (% of GDP),BN.CAB.XOKA.GD.ZS,..,..,..,..,..,..,..,..,..,..,..,..,..,..,..,-0.149804626,1.537101815,1.744416029,0.504279978,0.03290178,-0.958069194,-1.394554633,-1.257276246,-0.887437672,-1.089314216,-1.780805001,-1.834520559,-1.853242437,-2.408461745,-2.301281981,-2.191935869,-1.588911312,-1.556243036,-0.67161797,-0.51219266,-1.544131627,-1.515954247,-0.713014,-1.63832471,-0.703548206,-0.982343806,0.290494936,1.370941111,1.443561063,0.110018664,-1.253507315,-0.988988303,-0.663718193,-2.583376538,-1.951464148,-3.253484046,-3.429287366,-5.004888982,-2.645666243,-1.33950833,-1.067549349,-0.528886573,-1.439071053,-2.4128687,..,86,India,,356,Country/Area,5501,2020," 1,380,004 "," 116,880 "," 117,982 "," 126,156 "," 126,046 "," 455,538 "," 297,792 "," 139,610 ",8.5%,8.5%,9.1%,9.1%,33.0%,21.6%,10.1%
10,India,IND,Current health expenditure (% of GDP),SH.XPD.CHEX.GD.ZS,..,..,..,..,..,..,..,..,..,..,..,..,..,..,..,..,..,..,..,..,..,..,..,..,..,..,..,..,..,..,..,..,..,..,..,..,..,..,..,..,4.03493293,4.26278075,4.24016746,4.00848052,3.95739183,3.79116251,3.634778,3.51754201,3.51468067,3.48537865,3.27211934,3.24634215,3.32935296,3.74944184,3.61956552,3.59770551,3.65833057,..,..,..,86,India,,356,Country/Area,5501,2020," 1,380,004 "," 116,880 "," 117,982 "," 126,156 "," 126,046 "," 455,538 "," 297,792 "," 139,610 ",8.5%,8.5%,9.1%,9.1%,33.0%,21.6%,10.1%
11,India,IND,Discrepancy in expenditure estimate of GDP (constant LCU),NY.GDP.DISC.KN,..,..,..,..,..,..,..,..,..,..,..,..,..,..,..,..,..,..,..,..,..,..,..,..,..,..,..,..,..,..,..,..,..,..,..,..,..,..,..,..,..,..,..,..,..,..,..,..,..,..,..,-2.96174E+11,4.16356E+11,-3.30597E+11,-2.44874E+11,7.88038E+11,2.677E+12,3.80947E+12,2.97939E+12,..,86,India,,356,Country/Area,5501,2020," 1,380,004 "," 116,880 "," 117,982 "," 126,156 "," 126,046 "," 455,538 "," 297,792 "," 139,610 ",8.5%,8.5%,9.1%,9.1%,33.0%,21.6%,10.1%
12,India,IND,Discrepancy in expenditure estimate of GDP (current LCU),NY.GDP.DISC.CN,-12832359390,-11714954831,-13793357330,-10358864569,-11962860661,-20650754551,-29665106801,-31311013812,-13998630335,-19885591952,-24292961971,-36200219664,-33487995433,-43420031369,-65828023609,-44139398433,-41446199167,-53863507405,-1.00978E+11,-82822755093,-80446224971,-68478356138,-80045554362,-82572689514,-1.14703E+11,-1.18713E+11,-1.57975E+11,-2.19021E+11,-2.32762E+11,-2.30416E+11,-3.21814E+11,-1.37037E+11,-94710896800,-76240961400,-2.22601E+11,-1.02795E+11,32286534700,-2.81467E+11,-1.19215E+11,-7.07781E+11,-3.12327E+11,-3.91325E+11,-1.44314E+11,-3.31509E+11,-9.74272E+11,-1.10035E+12,-6.89727E+11,-1.69816E+12,59364696000,-1.31145E+12,-1.14473E+12,-2.96173E+11,1.22573E+12,1.14389E+12,1.8687E+11,1.02495E+12,2.93838E+12,3.84835E+12,3.75562E+12,..,86,India,,356,Country/Area,5501,2020," 1,380,004 "," 116,880 "," 117,982 "," 126,156 "," 126,046 "," 455,538 "," 297,792 "," 139,610 ",8.5%,8.5%,9.1%,9.1%,33.0%,21.6%,10.1%
13,India,IND,Domestic credit provided by financial sector (% of GDP),FS.AST.DOMS.GD.ZS,22.84319467,23.24150651,24.16710642,23.74877055,21.98521366,23.36387489,23.28238059,21.61632757,22.09519188,22.03308542,22.85033528,25.69849952,26.88231067,26.5540393,25.87388847,28.08156999,30.72695254,31.15355236,33.68600533,36.499174,37.67542965,39.0952856,42.43762943,42.32702898,45.60625214,47.49609209,50.3502608,50.95404647,50.66529928,52.26663475,50.8492696,50.54461633,49.48281222,48.72844722,46.79231967,43.60947666,45.12436825,45.58629246,45.99109739,48.33844339,52.0846503,53.79597927,57.95691946,56.65915628,58.59358921,59.34584435,61.44830927,61.90782519,69.09645273,71.3772998,73.41482494,76.14589006,77.17947471,77.91684772,75.90817003,75.6110619,74.50301764,72.07672984,..,..,86,India,,356,Country/Area,5501,2020," 1,380,004 "," 116,880 "," 117,982 "," 126,156 "," 126,046 "," 455,538 "," 297,792 "," 139,610 ",8.5%,8.5%,9.1%,9.1%,33.0%,21.6%,10.1%
14,India,IND,Domestic credit to private sector (% of GDP),FS.AST.PRVT.GD.ZS,7.843132628,8.516176155,8.980480807,9.107454011,8.536791909,9.270091622,9.515407718,9.116728704,9.820643428,10.40012864,11.2365497,12.49343793,12.92235768,13.09386383,12.91379979,14.93373333,17.8877017,18.04178519,19.6954207,20.95673624,20.54345895,21.22546245,22.68789892,22.89266876,24.28257464,24.56366516,25.8010011,25.38235951,25.27511744,26.58981401,24.91645657,23.82174445,24.69824025,23.83205539,23.6473414,22.5107747,23.40244204,23.55532535,23.67774686,25.42286221,28.33955116,28.61941543,32.30648907,31.62626562,36.19180385,40.06798048,43.62775243,45.62776475,49.55936669,48.12444791,50.55537498,51.2892197,51.88850765,52.38570952,51.88218736,51.86752408,49.19481968,48.77985713,50.04557437,..,86,India,,356,Country/Area,5501,2020," 1,380,004 "," 116,880 "," 117,982 "," 126,156 "," 126,046 "," 455,538 "," 297,792 "," 139,610 ",8.5%,8.5%,9.1%,9.1%,33.0%,21.6%,10.1%
15,India,IND,Domestic credit to private sector by banks (% of GDP),FD.AST.PRVT.GD.ZS,7.843132628,8.516176155,8.980480807,9.107454011,8.536791909,9.270091622,9.515407718,9.116728704,9.820643428,10.40012864,11.2365497,12.49343793,12.92235768,13.09386383,12.91379979,14.93373333,17.8877017,18.04178519,19.6954207,20.95673624,20.54345895,21.22546245,22.68789892,22.89266876,24.28257464,24.56366516,25.8010011,25.38235951,25.27511744,26.58981401,24.91645657,23.82174445,24.69824025,23.83205539,23.6473414,22.5107747,23.40244204,23.55532535,23.67774686,25.42286221,28.33955116,28.61941543,32.30648907,31.62626562,36.19180385,40.06798048,43.62775243,45.62776475,49.55936669,48.12444791,50.55537498,51.2892197,51.88850765,52.38570952,51.88218736,51.86752408,49.19481968,48.77985713,50.04557437,..,86,India,,356,Country/Area,5501,2020," 1,380,004 "," 116,880 "," 117,982 "," 126,156 "," 126,046 "," 455,538 "," 297,792 "," 139,610 ",8.5%,8.5%,9.1%,9.1%,33.0%,21.6%,10.1%
16,India,IND,Domestic general government health expenditure (% of GDP),SH.XPD.GHED.GD.ZS,..,..,..,..,..,..,..,..,..,..,..,..,..,..,..,..,..,..,..,..,..,..,..,..,..,..,..,..,..,..,..,..,..,..,..,..,..,..,..,..,0.8344299,0.80468139,0.77020202,0.75024338,0.71163452,0.76303693,0.74535338,0.73512709,0.79527895,0.89261258,0.85750189,0.93731915,0.93186863,0.86504196,0.8565355,0.92245631,0.93019386,..,..,..,86,India,,356,Country/Area,5501,2020," 1,380,004 "," 116,880 "," 117,982 "," 126,156 "," 126,046 "," 455,538 "," 297,792 "," 139,610 ",8.5%,8.5%,9.1%,9.1%,33.0%,21.6%,10.1%
17,India,IND,Energy intensity level of primary energy (MJ/$2011 PPP GDP),EG.EGY.PRIM.PP.KD,..,..,..,..,..,..,..,..,..,..,..,..,..,..,..,..,..,..,..,..,..,..,..,..,..,..,..,..,..,..,8.291597909,8.548366552,8.400188527,8.211161678,7.994113011,7.858160303,7.530163675,7.524182021,7.256037794,7.050547079,6.949594871,6.724806376,6.672001023,6.333921729,6.181107871,5.877519466,5.661849048,5.507649299,5.56214241,5.646711932,5.353179242,5.232985711,5.199643316,4.98862544,4.960149499,4.730910449,..,..,..,..,86,India,,356,Country/Area,5501,2020," 1,380,004 "," 116,880 "," 117,982 "," 126,156 "," 126,046 "," 455,538 "," 297,792 "," 139,610 ",8.5%,8.5%,9.1%,9.1%,33.0%,21.6%,10.1%
18,India,IND,"Energy use (kg of oil equivalent) per $1,000 GDP (constant 2011 PPP)",EG.USE.COMM.GD.PP.KD,..,..,..,..,..,..,..,..,..,..,..,..,..,..,..,..,..,..,..,..,..,..,..,..,..,..,..,..,..,..,183.6972289,189.3858415,186.1030131,181.9151945,177.106563,174.094582,166.8279402,166.6954189,160.7547846,156.2022152,153.965657,148.9855526,147.8156699,140.3256504,136.940117,131.8568185,128.4327635,126.03432,128.2743332,130.970684,126.1792728,124.9835413,124.3782124,119.6140076,118.3680315,..,..,..,..,..,86,India,,356,Country/Area,5501,2020," 1,380,004 "," 116,880 "," 117,982 "," 126,156 "," 126,046 "," 455,538 "," 297,792 "," 139,610 ",8.5%,8.5%,9.1%,9.1%,33.0%,21.6%,10.1%
19,India,IND,Expense (% of GDP),GC.XPN.TOTL.GD.ZS,..,..,..,..,..,..,..,..,..,..,..,..,..,..,8.732911915,10.11237211,10.62936619,10.5053165,11.2699439,12.31444775,11.70247812,11.37603387,11.95987282,12.0777927,13.14295969,14.37894512,15.33863824,15.76721892,15.5195025,15.97153364,15.48421708,15.33897953,15.11647596,15.14510813,14.60328653,14.24572561,14.08071054,14.5974823,14.40763023,14.80403806,15.4104026,15.54562552,16.05294821,15.57759372,15.133483,15.17398359,15.18947956,15.25786002,17.22767043,16.85189271,16.50513595,14.48983561,16.1667124,16.63868255,14.80313764,15.12569036,15.47767585,14.86259306,..,..,86,India,,356,Country/Area,5501,2020," 1,380,004 "," 116,880 "," 117,982 "," 126,156 "," 126,046 "," 455,538 "," 297,792 "," 139,610 ",8.5%,8.5%,9.1%,9.1%,33.0%,21.6%,10.1%
20,India,IND,Exports of goods and services (% of GDP),NE.EXP.GNFS.ZS,4.463156456,4.30358619,4.168975283,4.280503385,3.725551173,3.307472781,4.14255066,4.034444995,4.038771006,3.713842821,3.782825062,3.667205217,4.027489262,4.208763192,4.831321003,5.647062158,6.686512862,6.383171814,6.314825235,6.749638157,6.139551132,5.936026627,5.983299849,5.837629424,6.283401393,5.254554996,5.19622166,5.604580884,6.035219755,7.016130278,7.053350234,8.494240771,8.842926925,9.834217455,9.888084916,10.84396803,10.38516927,10.69071732,11.01846918,11.45206461,12.99723631,12.55837963,14.26438392,14.94791386,17.85912496,19.60524669,21.26794142,20.79969975,24.09735726,20.40051937,22.40093325,24.54040489,24.53443066,25.4308613,22.96796301,19.81318916,19.19475337,18.78061226,19.73801867,..,86,India,,356,Country/Area,5501,2020," 1,380,004 "," 116,880 "," 117,982 "," 126,156 "," 126,046 "," 455,538 "," 297,792 "," 139,610 ",8.5%,8.5%,9.1%,9.1%,33.0%,21.6%,10.1%
21,India,IND,External balance on goods and services (% of GDP),NE.RSB.GNFS.ZS,-2.370520201,-1.653990215,-1.862839613,-1.626331073,-1.959446575,-1.904088808,-2.529136192,-1.912172677,-0.904202464,-0.317091002,-0.096119214,-0.335196124,0.318578926,-0.514569634,-1.189248247,-0.999853898,0.571822651,0.11824249,-0.273361373,-1.419528217,-3.105474584,-2.635211508,-2.159328052,-2.015335038,-1.442573158,-2.390926202,-1.826828579,-1.375652268,-1.420010606,-1.135871535,-1.399561042,0.00075499,-0.747245192,0.016895123,-0.301974544,-1.179512636,-1.159149328,-1.23795223,-1.66253172,-1.911468819,-0.906450288,-0.876495486,-0.979895086,-0.696608417,-1.785564133,-2.791176225,-3.188597655,-4.086869182,-5.173505919,-5.471830894,-4.45334,-6.54305566,-6.724860406,-2.982409346,-2.986259731,-2.296535553,-1.769382182,-3.20545593,-3.901615737,..,86,India,,356,Country/Area,5501,2020," 1,380,004 "," 116,880 "," 117,982 "," 126,156 "," 126,046 "," 455,538 "," 297,792 "," 139,610 ",8.5%,8.5%,9.1%,9.1%,33.0%,21.6%,10.1%
22,India,IND,Final consumption expenditure (% of GDP),NE.CON.TOTL.ZS,93.95741481,93.13969052,92.30043163,90.40971528,90.50556516,91.33524644,93.42769285,94.53099243,90.04327728,88.76564227,88.63191206,89.95340697,89.60715444,87.91394012,90.23853547,87.22225881,84.78926024,85.44603858,85.98832941,85.69154825,87.49802066,85.76860601,85.3194407,85.63585065,84.96052579,83.90910831,84.70937628,83.3786162,81.72388692,79.73515283,78.36062549,78.09680015,76.65938514,76.45422202,75.27665338,74.2407284,74.88610785,74.94055852,75.71862376,76.18497615,75.68681661,75.90830732,74.34374182,72.37996752,68.75625029,67.74487013,65.91241587,65.6226268,67.21529714,67.41955589,65.73246563,67.29165678,67.14481002,67.94092623,68.56857391,69.43557179,69.64465588,70.01304813,70.61824541,..,86,India,,356,Country/Area,5501,2020," 1,380,004 "," 116,880 "," 117,982 "," 126,156 "," 126,046 "," 455,538 "," 297,792 "," 139,610 ",8.5%,8.5%,9.1%,9.1%,33.0%,21.6%,10.1%
23,India,IND,"Foreign direct investment, net inflows (% of GDP)",BX.KLT.DINV.WD.GD.ZS,..,..,..,..,..,..,..,..,..,..,0.072826324,0.070763624,0.024893934,0.044331264,0.057241382,-0.010486395,-0.007502573,-0.029682109,0.0131755,0.03174683,0.042484827,0.047506181,0.03591159,0.002584047,0.009068703,0.045627777,0.047283784,0.076091199,0.030766482,0.085156734,0.073740021,0.02722554,0.095941829,0.197056163,0.297385909,0.594986258,0.617479056,0.860208566,0.625285966,0.472644846,0.765212649,1.056378305,1.011571805,0.605889255,0.765601405,0.88610072,2.130168425,2.073395746,3.620521897,2.651593127,1.635034274,2.002065027,1.312934337,1.516275965,1.695658786,2.092115758,1.941056102,1.506879027,1.549157738,..,86,India,,356,Country/Area,5501,2020," 1,380,004 "," 116,880 "," 117,982 "," 126,156 "," 126,046 "," 455,538 "," 297,792 "," 139,610 ",8.5%,8.5%,9.1%,9.1%,33.0%,21.6%,10.1%
24,India,IND,"Foreign direct investment, net outflows (% of GDP)",BM.KLT.DINV.WD.GD.ZS,..,..,..,..,..,..,..,..,..,..,0.072826324,0.070763624,0.024893934,0.044331264,0.057241382,0.086409651,0.049757993,-0.029682109,0.0131755,0.03174683,0.042484827,0.047506181,0.03591159,0.002584047,0.009068703,0.045627777,0.047283784,0.076091199,0.030766482,0.085156734,0.073740021,0.027766944,0.087436721,0.000125544,0.025233567,0.032527047,0.060912828,0.02715262,0.011295327,0.017295973,0.108782767,0.217149393,0.244897685,0.203693879,0.259051931,0.321893491,1.492867398,1.39932736,1.606188857,1.199474211,0.952969273,0.691587823,0.467994118,0.09505724,0.573111845,0.357212358,0.220364213,0.418142338,0.419967417,..,86,India,,356,Country/Area,5501,2020," 1,380,004 "," 116,880 "," 117,982 "," 126,156 "," 126,046 "," 455,538 "," 297,792 "," 139,610 ",8.5%,8.5%,9.1%,9.1%,33.0%,21.6%,10.1%
25,India,IND,Forest rents (% of GDP),NY.GDP.FRST.RT.ZS,..,..,..,..,..,..,..,..,..,..,0.41038828,0.341184252,0.331166612,0.47556448,0.490193258,1.069998407,0.677648086,1.820568937,1.622494422,0.674873143,0.665794705,0.571438405,0.833409232,0.53730798,0.466938318,0.313523077,0.534901127,0.444358622,0.442858994,0.443066185,0.537543407,0.624372377,0.610940245,0.620998532,0.450052912,0.490022926,0.418631931,0.378757632,0.362937103,0.385378978,0.339616057,0.328525284,0.371628945,0.339115926,0.242766414,0.20879688,0.282106863,0.300768637,0.299029708,0.259805733,0.375574956,0.352059946,0.307164569,0.275430229,0.262767603,0.301783758,0.332683994,0.293040538,..,..,86,India,,356,Country/Area,5501,2020," 1,380,004 "," 116,880 "," 117,982 "," 126,156 "," 126,046 "," 455,538 "," 297,792 "," 139,610 ",8.5%,8.5%,9.1%,9.1%,33.0%,21.6%,10.1%
26,India,IND,GDP (constant 2010 US$),NY.GDP.MKTP.KD,1.48773E+11,1.54312E+11,1.58835E+11,1.68356E+11,1.80903E+11,1.76135E+11,1.76038E+11,1.89814E+11,1.96245E+11,2.09079E+11,2.19862E+11,2.23474E+11,2.22237E+11,2.29561E+11,2.32282E+11,2.53536E+11,2.57752E+11,2.76452E+11,2.92244E+11,2.76936E+11,2.9559E+11,3.13344E+11,3.24235E+11,3.47868E+11,3.61159E+11,3.80135E+11,3.98293E+11,4.14086E+11,4.53954E+11,4.80952E+11,5.07565E+11,5.12929E+11,5.4105E+11,5.66754E+11,6.04494E+11,6.50281E+11,6.99374E+11,7.27698E+11,7.72701E+11,8.41053E+11,8.73357E+11,9.15488E+11,9.50313E+11,1.02501E+12,1.10622E+12,1.19387E+12,1.29011E+12,1.38894E+12,1.43181E+12,1.54438E+12,1.67562E+12,1.76344E+12,1.85966E+12,1.97842E+12,2.12502E+12,2.29495E+12,2.48243E+12,2.66037E+12,2.84158E+12,..,86,India,,356,Country/Area,5501,2020," 1,380,004 "," 116,880 "," 117,982 "," 126,156 "," 126,046 "," 455,538 "," 297,792 "," 139,610 ",8.5%,8.5%,9.1%,9.1%,33.0%,21.6%,10.1%
27,India,IND,GDP (constant LCU),NY.GDP.MKTP.KN,7.37044E+12,7.64482E+12,7.8689E+12,8.34059E+12,8.96221E+12,8.72598E+12,8.72116E+12,9.40367E+12,9.72226E+12,1.03581E+13,1.08923E+13,1.10712E+13,1.101E+13,1.13728E+13,1.15076E+13,1.25605E+13,1.27694E+13,1.36958E+13,1.44782E+13,1.37198E+13,1.46439E+13,1.55235E+13,1.6063E+13,1.72339E+13,1.78923E+13,1.88324E+13,1.9732E+13,2.05144E+13,2.24895E+13,2.3827E+13,2.51455E+13,2.54112E+13,2.68044E+13,2.80778E+13,2.99475E+13,3.22158E+13,3.4648E+13,3.60512E+13,3.82807E+13,4.16669E+13,4.32674E+13,4.53546E+13,4.70798E+13,5.07805E+13,5.48038E+13,5.91461E+13,6.39138E+13,6.88101E+13,7.0934E+13,7.65108E+13,8.30123E+13,8.73633E+13,9.21302E+13,9.80137E+13,1.05277E+14,1.13695E+14,1.22983E+14,1.31799E+14,1.40776E+14,..,86,India,,356,Country/Area,5501,2020," 1,380,004 "," 116,880 "," 117,982 "," 126,156 "," 126,046 "," 455,538 "," 297,792 "," 139,610 ",8.5%,8.5%,9.1%,9.1%,33.0%,21.6%,10.1%
28,India,IND,GDP (current LCU),NY.GDP.MKTP.CN,1.76333E+11,1.86821E+11,2.00769E+11,2.3058E+11,2.68953E+11,2.836E+11,3.21058E+11,3.76012E+11,3.98141E+11,4.3836E+11,4.68169E+11,5.01199E+11,5.52453E+11,6.72407E+11,7.93779E+11,8.52124E+11,9.18117E+11,1.04024E+12,1.12671E+12,1.23562E+12,1.47063E+12,1.72776E+12,1.93255E+12,2.25074E+12,2.52188E+12,2.84534E+12,3.18366E+12,3.61865E+12,4.29363E+12,4.93278E+12,5.76109E+12,6.6226E+12,7.61196E+12,8.75992E+12,1.02757E+13,1.20558E+13,1.39482E+13,1.54529E+13,1.7723E+13,1.98826E+13,2.13989E+13,2.31524E+13,2.49261E+13,2.79253E+13,3.18633E+13,3.63212E+13,4.25463E+13,4.89866E+13,5.51415E+13,6.36641E+13,7.63447E+13,8.73633E+13,9.94401E+13,1.12335E+14,1.2468E+14,1.37719E+14,1.53624E+14,1.7095E+14,1.90102E+14,..,86,India,,356,Country/Area,5501,2020," 1,380,004 "," 116,880 "," 117,982 "," 126,156 "," 126,046 "," 455,538 "," 297,792 "," 139,610 ",8.5%,8.5%,9.1%,9.1%,33.0%,21.6%,10.1%
29,India,IND,GDP (current US$),NY.GDP.MKTP.CD,37029883875,39232435784,42161481859,48421923459,56480289941,59554854575,45865462034,50134942203,53085455871,58447995017,62422483055,67350988021,71463193830,85515269586,99525899116,98472796457,1.02717E+11,1.21487E+11,1.373E+11,1.52992E+11,1.86325E+11,1.93491E+11,2.00715E+11,2.18262E+11,2.12158E+11,2.32512E+11,2.48986E+11,2.79034E+11,2.96589E+11,2.96042E+11,3.20979E+11,2.70105E+11,2.88208E+11,2.79296E+11,3.27276E+11,3.60282E+11,3.92897E+11,4.15868E+11,4.21351E+11,4.5882E+11,4.68395E+11,4.85441E+11,5.14938E+11,6.07699E+11,7.09149E+11,8.20382E+11,9.4026E+11,1.21674E+12,1.1989E+12,1.34189E+12,1.67562E+12,1.82305E+12,1.82764E+12,1.85672E+12,2.03913E+12,2.10359E+12,2.29043E+12,2.65224E+12,2.71873E+12,..,86,India,,356,Country/Area,5501,2020," 1,380,004 "," 116,880 "," 117,982 "," 126,156 "," 126,046 "," 455,538 "," 297,792 "," 139,610 ",8.5%,8.5%,9.1%,9.1%,33.0%,21.6%,10.1%
30,India,IND,GDP deflator (base year varies by country),NY.GDP.DEFL.ZS,2.392431017,2.443758894,2.551421545,2.764557704,3.000973749,3.250065656,3.681372332,3.998566908,4.095147637,4.232063343,4.298178476,4.527049648,5.017763844,5.91241687,6.897869881,6.784145973,7.189964043,7.595278805,7.782144107,9.006123094,10.04257663,11.12994485,12.03100995,13.06000534,14.09477997,15.1087282,16.13452026,17.6395311,19.09170821,20.70243914,22.91103825,26.06172275,28.3981959,31.19876431,34.31241496,37.42204695,40.25677385,42.86391173,46.29738287,47.71796969,49.45727544,51.04763152,52.94440008,54.99218257,58.14071227,61.40932687,66.56828647,71.19106671,77.73635176,83.209275,91.96790896,99.99999794,107.9343862,114.6117514,118.4303363,121.1300602,124.9144388,129.7055381,135.0385224,..,86,India,,356,Country/Area,5501,2020," 1,380,004 "," 116,880 "," 117,982 "," 126,156 "," 126,046 "," 455,538 "," 297,792 "," 139,610 ",8.5%,8.5%,9.1%,9.1%,33.0%,21.6%,10.1%
31,India,IND,GDP deflator: linked series (base year varies by country),NY.GDP.DEFL.ZS.AD,..,..,..,..,..,..,..,..,..,..,..,..,..,..,..,..,..,..,..,..,..,..,..,..,..,..,..,..,..,22.26247304,22.91103825,26.06172275,28.3981959,31.19876431,34.31241496,37.42204695,40.25677385,42.86391173,46.29738287,47.71796969,49.45727544,51.04763152,52.94440008,54.99218257,58.14071227,61.40932687,66.56828647,71.19106671,77.73635176,83.209275,91.96790896,99.99999794,107.9343862,114.6117514,118.4303363,121.1300602,124.9144388,129.7055381,135.0385224,..,86,India,,356,Country/Area,5501,2020," 1,380,004 "," 116,880 "," 117,982 "," 126,156 "," 126,046 "," 455,538 "," 297,792 "," 139,610 ",8.5%,8.5%,9.1%,9.1%,33.0%,21.6%,10.1%
32,India,IND,GDP growth (annual %),NY.GDP.MKTP.KD.ZG,..,3.722742533,2.931127737,5.994353261,7.452950122,-2.63577011,-0.05532877,7.82596303,3.387929176,6.539700296,5.157229736,1.642930384,-0.553301312,3.295521135,1.18533626,9.149912015,1.663103637,7.254764586,5.712532089,-5.238182703,6.735821528,6.006203624,3.47573324,7.288892901,3.820737856,5.254299223,4.77656417,3.965355634,9.62778292,5.947343328,5.533454563,1.056831433,5.482396022,4.75077622,6.658924067,7.57449184,7.549522249,4.049820849,6.184415821,8.845755561,3.840991157,4.823966264,3.803975321,7.860381476,7.922936613,7.923430621,8.060732573,7.660815065,3.08669806,7.861888833,8.497584702,5.241344743,5.456358951,6.386106401,7.410227605,7.996253786,8.169526505,7.167888861,6.811369326,..,86,India,,356,Country/Area,5501,2020," 1,380,004 "," 116,880 "," 117,982 "," 126,156 "," 126,046 "," 455,538 "," 297,792 "," 139,610 ",8.5%,8.5%,9.1%,9.1%,33.0%,21.6%,10.1%
33,India,IND,GDP per capita (constant 2010 US$),NY.GDP.PCAP.KD,330.2053201,335.7213437,338.6111311,351.6016511,370.0604355,352.8890531,345.4215522,364.7466166,369.2192305,384.9843464,396.0116955,393.5312742,382.450895,385.966286,381.5395861,406.8925351,404.2351321,423.7401893,437.8191791,405.4726426,422.9038392,438.0069081,442.798502,464.1769727,470.9742322,484.6437037,496.6394426,505.1790844,542.054234,562.2965719,581.2182623,575.5015472,595.0134623,611.1188567,639.268754,674.6195583,711.9288337,727.0431808,757.9341127,810.2172832,826.5924931,851.6165693,869.2013874,922.16796,979.2838477,1040.312313,1106.92647,1173.87531,1192.511732,1268.24921,1357.563719,1410.426305,1469.17761,1544.619247,1640.1807,1751.664434,1874.228561,1987.341151,2100.80078,..,86,India,,356,Country/Area,5501,2020," 1,380,004 "," 116,880 "," 117,982 "," 126,156 "," 126,046 "," 455,538 "," 297,792 "," 139,610 ",8.5%,8.5%,9.1%,9.1%,33.0%,21.6%,10.1%
34,India,IND,GDP per capita (constant LCU),NY.GDP.PCAP.KN,16358.83756,16632.10916,16775.2733,17418.84199,18333.31622,17482.62171,17112.67117,18070.06214,18291.64174,19072.66783,19618.97827,19496.0947,18947.15707,19121.31451,18902.00955,20158.03042,20026.37892,20992.68698,21690.18,20087.68694,20951.25302,21699.48036,21936.86269,22995.9823,23332.72813,24009.93304,24604.21887,25027.28477,26854.13173,27856.96572,28794.37296,28511.15883,29477.80664,30275.69061,31670.27624,33421.60498,35269.95913,36018.74522,37549.12558,40139.30763,40950.55864,42190.28669,43061.4634,45685.50215,48515.10383,51538.54013,54838.69948,58155.43948,59078.71415,62830.8557,67255.62251,69874.5096,72785.13218,76522.61736,81256.8666,86779.92812,92851.92794,98455.68527,104076.6354,..,86,India,,356,Country/Area,5501,2020," 1,380,004 "," 116,880 "," 117,982 "," 126,156 "," 126,046 "," 455,538 "," 297,792 "," 139,610 ",8.5%,8.5%,9.1%,9.1%,33.0%,21.6%,10.1%
35,India,IND,GDP per capita (current LCU),NY.GDP.PCAP.CN,391.3739039,406.4486468,428.0079372,481.5539384,550.1780071,568.1966838,629.9811417,722.5435249,749.0697345,807.1673837,843.2587012,882.5978864,950.7235971,1130.531825,1303.836023,1367.550209,1439.889444,1594.453105,1687.961065,1809.121812,2104.04564,2415.140197,2639.226132,3003.276516,3288.696691,3627.595524,3969.772679,4414.695681,5126.912471,5767.071373,6597.089802,7430.499165,8371.165276,9445.641356,10866.8366,12507.04871,14198.54769,15439.04316,17384.26243,19153.66265,20253.03058,21537.14208,22798.63346,25123.45475,28207.02692,31649.47057,36505.18257,41401.47772,45925.63705,52281.09951,61853.58968,69874.50816,78560.1857,87703.91195,96232.7804,105116.5792,115985.4647,127702.4763,140543.5506,..,86,India,,356,Country/Area,5501,2020," 1,380,004 "," 116,880 "," 117,982 "," 126,156 "," 126,046 "," 455,538 "," 297,792 "," 139,610 ",8.5%,8.5%,9.1%,9.1%,33.0%,21.6%,10.1%
36,India,IND,GDP per capita (current US$),NY.GDP.PCAP.CD,82.18860201,85.35430117,89.88175669,101.1264282,115.537497,119.3189172,89.99730596,96.33913665,99.8759646,107.6223178,112.4344935,118.6032421,122.9818639,143.7786881,163.4781112,158.0361718,161.0920917,186.2135013,205.6933861,224.0010168,266.5778481,270.4706024,274.1113314,291.2381101,276.6679586,296.4351516,310.4659351,340.4168316,354.1492516,346.1128873,367.5566093,303.0556053,316.9539279,301.1590042,346.1029503,373.76648,399.9500768,415.493797,413.2989342,441.9987596,443.3141934,451.5730011,470.9867859,546.7266145,627.7742473,714.8610135,806.7532806,1028.334771,998.522339,1101.96084,1357.563719,1458.103527,1443.879529,1449.605912,1573.881492,1605.605431,1729.268021,1981.268706,2009.978857,..,86,India,,356,Country/Area,5501,2020," 1,380,004 "," 116,880 "," 117,982 "," 126,156 "," 126,046 "," 455,538 "," 297,792 "," 139,610 ",8.5%,8.5%,9.1%,9.1%,33.0%,21.6%,10.1%
37,India,IND,GDP per capita growth (annual %),NY.GDP.PCAP.KD.ZG,..,1.670482967,0.860769629,3.836412574,5.249914012,-4.640156232,-2.116104439,5.594631928,1.226224917,4.26985232,2.86436298,-0.626350509,-2.815628639,0.919174488,-1.14691362,6.644906554,-0.653097014,4.825176162,3.322552378,-7.388104045,4.298982163,3.571277326,1.093953953,4.828035912,1.464368109,2.902382028,2.475166566,1.719485211,7.299421295,3.734375018,3.365073043,-0.983574581,3.390419232,2.706727733,4.606288441,5.529881465,5.530417086,2.123013766,4.248844181,6.8981155,2.021088695,3.027377624,2.064875058,6.093705485,6.193653448,6.231948516,6.403284515,6.04817406,1.587598136,6.351088711,7.042346887,3.893930345,4.165499831,5.134956907,6.186731983,6.79703975,6.997009504,6.035154528,5.709116885,..,86,India,,356,Country/Area,5501,2020," 1,380,004 "," 116,880 "," 117,982 "," 126,156 "," 126,046 "," 455,538 "," 297,792 "," 139,610 ",8.5%,8.5%,9.1%,9.1%,33.0%,21.6%,10.1%
38,India,IND,"GDP per capita, PPP (constant 2011 international $)",NY.GDP.PCAP.PP.KD,..,..,..,..,..,..,..,..,..,..,..,..,..,..,..,..,..,..,..,..,..,..,..,..,..,..,..,..,..,..,1905.721365,1886.977174,1950.953611,2003.760614,2096.059607,2211.969219,2334.300343,2383.85786,2485.144266,2656.572388,2710.264072,2792.314,2849.971796,3023.640683,3210.914509,3411.017048,3629.434174,3848.948671,3910.054508,4158.385539,4451.233473,4624.561404,4817.197501,5064.558517,5377.889179,5743.426444,6145.294538,6516.17256,6888.188468,..,86,India,,356,Country/Area,5501,2020," 1,380,004 "," 116,880 "," 117,982 "," 126,156 "," 126,046 "," 455,538 "," 297,792 "," 139,610 ",8.5%,8.5%,9.1%,9.1%,33.0%,21.6%,10.1%
39,India,IND,"GDP per capita, PPP (current international $)",NY.GDP.PCAP.PP.CD,..,..,..,..,..,..,..,..,..,..,..,..,..,..,..,..,..,..,..,..,..,..,..,..,..,..,..,..,..,..,1236.671208,1265.917481,1338.664595,1407.473802,1503.745417,1620.175387,1741.084404,1808.708364,1906.7799,2067.740994,2156.689919,2270.718563,2354.2651,2544.112251,2774.420858,3039.128698,3331.592127,3628.001338,3757.289184,4026.380833,4360.15405,4624.561404,4909.584076,5252.272397,5682.731285,6133.887015,6634.844574,7168.992484,7762.88177,..,86,India,,356,Country/Area,5501,2020," 1,380,004 "," 116,880 "," 117,982 "," 126,156 "," 126,046 "," 455,538 "," 297,792 "," 139,610 ",8.5%,8.5%,9.1%,9.1%,33.0%,21.6%,10.1%
40,India,IND,GDP per person employed (constant 2011 PPP $),SL.GDP.PCAP.EM.KD,..,..,..,..,..,..,..,..,..,..,..,..,..,..,..,..,..,..,..,..,..,..,..,..,..,..,..,..,..,..,..,4877.296875,5028.73584,5151.853027,5361.026855,5645.020996,5950.867188,6061.856934,6305.22998,6724.547852,6836.097168,6992.344238,7084.845215,7454.973145,7832.874023,8343.304688,9039.726563,9845.791016,10169.10254,11005.93848,12078.42969,12871.39258,13572.53516,14187.64746,14953.8418,15897.90137,16740.42578,17546.67188,18564.6875,19588.89258,86,India,,356,Country/Area,5501,2020," 1,380,004 "," 116,880 "," 117,982 "," 126,156 "," 126,046 "," 455,538 "," 297,792 "," 139,610 ",8.5%,8.5%,9.1%,9.1%,33.0%,21.6%,10.1%
41,India,IND,GDP per unit of energy use (constant 2011 PPP $ per kg of oil equivalent),EG.GDP.PUSE.KO.PP.KD,..,..,..,..,..,..,..,..,..,..,..,..,..,..,..,..,..,..,..,..,..,..,..,..,..,..,..,..,..,..,5.443740257,5.280225766,5.373368131,5.497066931,5.646318143,5.744004142,5.994199765,5.998965097,6.220654661,6.401957866,6.49495491,6.712060215,6.765182616,7.126280882,7.302461997,7.583983985,7.786175213,7.934346775,7.795791838,7.635296462,7.925231917,8.001053498,8.039993343,8.360224858,8.448227005,..,..,..,..,..,86,India,,356,Country/Area,5501,2020," 1,380,004 "," 116,880 "," 117,982 "," 126,156 "," 126,046 "," 455,538 "," 297,792 "," 139,610 ",8.5%,8.5%,9.1%,9.1%,33.0%,21.6%,10.1%
42,India,IND,GDP per unit of energy use (PPP $ per kg of oil equivalent),EG.GDP.PUSE.KO.PP,..,..,..,..,..,..,..,..,..,..,..,..,..,..,..,..,..,..,..,..,..,..,..,..,..,..,..,..,..,..,3.53258192,3.542348148,3.686985499,3.861228553,4.050755523,4.20724396,4.470893283,4.551604576,4.772929858,4.982958787,5.16835386,5.458268563,5.58848805,5.996102181,6.309760919,6.757135204,7.147218765,7.478878825,7.491211258,7.392919931,7.763068878,8.001053498,8.194188276,8.67009002,8.927109189,..,..,..,..,..,86,India,,356,Country/Area,5501,2020," 1,380,004 "," 116,880 "," 117,982 "," 126,156 "," 126,046 "," 455,538 "," 297,792 "," 139,610 ",8.5%,8.5%,9.1%,9.1%,33.0%,21.6%,10.1%
43,India,IND,"GDP, PPP (constant 2011 international $)",NY.GDP.MKTP.PP.KD,..,..,..,..,..,..,..,..,..,..,..,..,..,..,..,..,..,..,..,..,..,..,..,..,..,..,..,..,..,..,1.66422E+12,1.68181E+12,1.77402E+12,1.8583E+12,1.98204E+12,2.13217E+12,2.29314E+12,2.386E+12,2.53356E+12,2.75768E+12,2.8636E+12,3.00174E+12,3.11592E+12,3.36085E+12,3.62712E+12,3.91452E+12,4.23006E+12,4.55411E+12,4.69468E+12,5.06378E+12,5.49407E+12,5.78204E+12,6.09753E+12,6.48692E+12,6.96762E+12,7.52476E+12,8.1395E+12,8.72293E+12,9.31708E+12,..,86,India,,356,Country/Area,5501,2020," 1,380,004 "," 116,880 "," 117,982 "," 126,156 "," 126,046 "," 455,538 "," 297,792 "," 139,610 ",8.5%,8.5%,9.1%,9.1%,33.0%,21.6%,10.1%
44,India,IND,"GDP, PPP (current international $)",NY.GDP.MKTP.PP.CD,..,..,..,..,..,..,..,..,..,..,..,..,..,..,..,..,..,..,..,..,..,..,..,..,..,..,..,..,..,..,1.07996E+12,1.12828E+12,1.21726E+12,1.3053E+12,1.42194E+12,1.56172E+12,1.71038E+12,1.81034E+12,1.94393E+12,2.14644E+12,2.27871E+12,2.44102E+12,2.57396E+12,2.82784E+12,3.13405E+12,3.48773E+12,3.88292E+12,4.29269E+12,4.51126E+12,4.90303E+12,5.38166E+12,5.78204E+12,6.21447E+12,6.72735E+12,7.36257E+12,8.03633E+12,8.78792E+12,9.59684E+12,1.05002E+13,..,86,India,,356,Country/Area,5501,2020," 1,380,004 "," 116,880 "," 117,982 "," 126,156 "," 126,046 "," 455,538 "," 297,792 "," 139,610 ",8.5%,8.5%,9.1%,9.1%,33.0%,21.6%,10.1%
45,India,IND,GDP: linked series (current LCU),NY.GDP.MKTP.CN.AD,..,..,..,..,..,..,..,..,..,..,..,..,..,..,..,..,..,..,..,..,..,..,..,..,..,..,..,..,..,4.86698E+12,5.76109E+12,6.6226E+12,7.61196E+12,8.75992E+12,1.02757E+13,1.20558E+13,1.39482E+13,1.54529E+13,1.7723E+13,1.98826E+13,2.13989E+13,2.31524E+13,2.49261E+13,2.79253E+13,3.18633E+13,3.63212E+13,4.25463E+13,4.89866E+13,5.51415E+13,6.36641E+13,7.63447E+13,8.73633E+13,9.94401E+13,1.12335E+14,1.2468E+14,1.37719E+14,1.53624E+14,1.7095E+14,1.90102E+14,..,86,India,,356,Country/Area,5501,2020," 1,380,004 "," 116,880 "," 117,982 "," 126,156 "," 126,046 "," 455,538 "," 297,792 "," 139,610 ",8.5%,8.5%,9.1%,9.1%,33.0%,21.6%,10.1%
46,India,IND,General government final consumption expenditure (% of GDP),NE.CON.GOVT.ZS,6.573491989,6.894665731,7.779581989,8.705040986,8.042522933,8.787682235,8.506790168,8.121171791,8.398192366,8.549685001,8.947244134,9.673793144,9.334214959,8.407361533,8.640640884,9.487656216,9.779753316,9.209771941,9.439608621,9.894732025,9.651880609,9.626165893,10.17257278,10.09112099,10.35591089,10.93019263,11.55025711,11.92901342,11.60436023,11.5637623,11.2854919,11.07872625,10.91504648,11.00266504,10.43581347,10.54026752,10.33088968,11.0287262,11.90988981,12.17548961,11.94783547,11.76144989,11.31409507,10.87620991,10.40470235,10.3661402,9.802470468,9.862115728,10.53848116,11.45966742,11.00760787,11.08445721,10.68385623,10.29516014,10.44085681,10.42829071,10.30642034,11.0302012,11.22881099,..,86,India,,356,Country/Area,5501,2020," 1,380,004 "," 116,880 "," 117,982 "," 126,156 "," 126,046 "," 455,538 "," 297,792 "," 139,610 ",8.5%,8.5%,9.1%,9.1%,33.0%,21.6%,10.1%
47,India,IND,"Government expenditure on education, total (% of GDP)",SE.XPD.TOTL.GD.ZS,..,..,..,..,..,..,..,..,..,..,..,..,..,..,..,..,..,..,..,..,..,..,..,..,..,..,..,..,..,..,..,..,..,..,..,..,..,3.36136,3.57256,4.41539,4.32479,..,..,3.61341,3.35254,3.18875,3.14285,..,..,3.27825,3.37769,3.79618,3.8675,3.84467,..,..,..,..,..,..,86,India,,356,Country/Area,5501,2020," 1,380,004 "," 116,880 "," 117,982 "," 126,156 "," 126,046 "," 455,538 "," 297,792 "," 139,610 ",8.5%,8.5%,9.1%,9.1%,33.0%,21.6%,10.1%
48,India,IND,"Government expenditure per student, primary (% of GDP per capita)",SE.XPD.PRIM.PC.ZS,..,..,..,..,..,..,..,..,..,..,..,..,..,..,..,..,..,..,..,..,..,..,..,..,..,..,..,..,..,..,..,..,..,..,..,..,..,..,..,12.18634,14.84075,13.73107,..,11.35044,..,..,..,..,..,7.58993,7.49038,9.0303,9.40785,9.79172,..,..,..,..,..,..,86,India,,356,Country/Area,5501,2020," 1,380,004 "," 116,880 "," 117,982 "," 126,156 "," 126,046 "," 455,538 "," 297,792 "," 139,610 ",8.5%,8.5%,9.1%,9.1%,33.0%,21.6%,10.1%
49,India,IND,"Government expenditure per student, secondary (% of GDP per capita)",SE.XPD.SECO.PC.ZS,..,..,..,..,..,..,..,..,..,..,..,..,..,..,..,..,..,..,..,..,..,..,..,..,..,..,..,..,..,..,..,..,..,..,..,..,..,..,..,25.36353,25.33873,23.94886,..,20.30911,18.33907,17.26857,16.74737,..,..,13.59323,14.1265,15.22846,15.71915,16.8546,..,..,..,..,..,..,86,India,,356,Country/Area,5501,2020," 1,380,004 "," 116,880 "," 117,982 "," 126,156 "," 126,046 "," 455,538 "," 297,792 "," 139,610 ",8.5%,8.5%,9.1%,9.1%,33.0%,21.6%,10.1%
50,India,IND,"Government expenditure per student, tertiary (% of GDP per capita)",SE.XPD.TERT.PC.ZS,..,..,..,..,..,..,..,..,..,..,..,..,..,..,..,..,..,..,..,..,..,..,..,..,..,..,..,..,..,..,..,..,..,..,..,..,..,..,..,..,96.88233,..,..,70.25823,62.91641,59.80892,56.92187,..,..,77.55281,71.54343,60.97288,54.44577,49.27271,..,..,..,..,..,..,86,India,,356,Country/Area,5501,2020," 1,380,004 "," 116,880 "," 117,982 "," 126,156 "," 126,046 "," 455,538 "," 297,792 "," 139,610 ",8.5%,8.5%,9.1%,9.1%,33.0%,21.6%,10.1%
51,India,IND,Gross capital formation (% of GDP),NE.GDI.TOTL.ZS,15.69046595,14.784986,16.43267869,15.70913402,15.90181051,17.85048507,18.34123339,15.7083103,14.37692409,16.08781009,16.65314139,17.60451137,16.13595392,19.05803693,19.2437066,18.95751875,19.1531791,19.61373131,23.24717703,22.43090117,21.07764677,20.83003515,20.98186221,20.04817121,21.0303611,22.65401294,22.07951482,24.04959059,25.11721665,26.07184448,28.62491682,23.97167165,25.33209814,24.39922099,27.19160601,27.79144209,26.04156625,28.1188399,26.61656669,29.28629269,26.67918328,26.65839797,27.21512053,29.50377002,36.08697529,38.07579251,38.89730246,41.93082687,37.85054999,40.11223583,40.2202988,39.59041148,38.34741567,34.02320208,34.26780562,32.11673014,30.21201677,30.94125424,31.30778602,..,86,India,,356,Country/Area,5501,2020," 1,380,004 "," 116,880 "," 117,982 "," 126,156 "," 126,046 "," 455,538 "," 297,792 "," 139,610 ",8.5%,8.5%,9.1%,9.1%,33.0%,21.6%,10.1%
52,India,IND,Gross domestic savings (% of GDP),NY.GDS.TOTL.ZS,6.042585186,6.860309484,7.699568372,9.590284724,9.494434838,8.664753559,6.572307146,5.469007569,9.956722724,11.23435773,11.36808794,10.04659303,10.39284556,12.08605988,9.761464526,12.77774119,15.21073976,14.55396142,14.01167059,14.30845175,12.50197934,14.23139399,14.6805593,14.36414935,15.03947421,16.09089169,15.29062372,16.6213838,18.27611308,20.26484717,21.63937451,21.90319985,23.34061486,23.54577798,24.72334662,25.7592716,25.11389215,25.05944148,24.28137624,23.81502385,24.31318339,24.09169268,25.65625818,27.62003248,31.24374971,32.25512987,34.08758413,34.3773732,32.78470286,32.58044411,34.26753437,32.70834322,32.85518998,32.05907377,31.43142609,30.56442821,30.35534412,29.98695187,29.38175459,..,86,India,,356,Country/Area,5501,2020," 1,380,004 "," 116,880 "," 117,982 "," 126,156 "," 126,046 "," 455,538 "," 297,792 "," 139,610 ",8.5%,8.5%,9.1%,9.1%,33.0%,21.6%,10.1%
53,India,IND,Gross fixed capital formation (% of GDP),NE.GDI.FTOT.ZS,14.45590665,15.75595724,15.96638888,16.34441522,16.28628808,17.1201176,16.73215383,16.06880339,16.20858693,16.12370467,15.53615888,16.58570045,17.05243317,15.90728514,16.60442799,17.71471084,18.48894783,18.79019263,19.39253624,20.35431402,19.67624017,19.86725387,21.01451313,20.56906776,20.85042847,21.80329777,22.90091499,24.44362326,23.57197889,24.57681356,26.08217017,24.58433379,25.08949989,23.66775629,23.35888821,25.1369225,24.52478712,25.35005215,25.45876778,27.53509242,26.02178484,29.93230964,28.33252481,28.33482571,30.70814142,32.75533704,33.58489158,35.81287812,34.71795935,33.95162693,33.23001466,34.31340766,33.43693433,31.29580503,30.08023705,28.73314413,28.21836502,28.64470325,29.30010415,..,86,India,,356,Country/Area,5501,2020," 1,380,004 "," 116,880 "," 117,982 "," 126,156 "," 126,046 "," 455,538 "," 297,792 "," 139,610 ",8.5%,8.5%,9.1%,9.1%,33.0%,21.6%,10.1%
54,India,IND,"Gross fixed capital formation, private sector (% of GDP)",NE.GDI.FPRV.ZS,7.562306551,8.932800054,8.387862457,8.51652626,8.395791069,8.752995616,9.338353976,9.866343217,10.08475469,10.33312672,9.656914993,10.10053272,9.512511536,9.031370206,10.38602021,10.21354584,9.767036396,10.36961929,10.87019256,11.06758518,10.41683539,9.798179095,9.506902307,9.868768863,9.874873417,10.42040109,10.48498932,13.09209932,12.51632107,13.9642409,15.64527401,13.88479946,15.69498873,14.5752408,13.40541308,16.33486209,16.7004381,18.01607581,18.16145714,20.54506619,19.14056523,22.87262386,21.43294685,21.32839178,23.55566275,25.21882743,25.50250027,27.52803956,25.90263953,25.32159896,25.19920562,26.973251,26.41732808,24.2014103,23.08244401,21.27779666,21.38867037,21.48791665,..,..,86,India,,356,Country/Area,5501,2020," 1,380,004 "," 116,880 "," 117,982 "," 126,156 "," 126,046 "," 455,538 "," 297,792 "," 139,610 ",8.5%,8.5%,9.1%,9.1%,33.0%,21.6%,10.1%
55,India,IND,Gross national expenditure (% of GDP),NE.DAB.TOTL.ZS,109.6478808,107.9246765,108.7331103,106.1188493,106.4073757,109.1857315,111.7689262,110.2393027,104.4202014,104.8534524,105.2850535,107.5579183,105.7431084,106.971977,109.4822421,106.1797776,103.9424393,105.0597699,109.2355064,108.1224494,108.5756674,106.5986412,106.3013029,105.6840219,105.9908869,106.5631212,106.7888911,107.4282068,106.8411036,105.8069973,106.9855423,102.0684718,101.9914833,100.853443,102.4682594,102.0321705,100.9276741,103.0593984,102.3351904,105.4712688,102.3659999,102.5667053,101.5588624,101.8837375,104.8432256,105.8206626,104.8097183,107.5534537,105.0658471,107.5317917,105.9527644,106.8820683,105.4922257,101.9641283,102.8363795,101.5523019,99.85667264,100.9543024,101.9260314,..,86,India,,356,Country/Area,5501,2020," 1,380,004 "," 116,880 "," 117,982 "," 126,156 "," 126,046 "," 455,538 "," 297,792 "," 139,610 ",8.5%,8.5%,9.1%,9.1%,33.0%,21.6%,10.1%
56,India,IND,Gross savings (% of GDP),NY.GNS.ICTR.ZS,..,..,..,..,..,..,..,..,..,..,..,..,..,..,..,13.098093,15.96559807,15.40497534,15.05825672,15.76898748,14.52575614,15.80788026,15.80598839,15.35474869,15.79556328,16.79830961,15.78850603,16.9825251,18.15681125,20.14443853,21.21356324,21.7599661,23.24679983,24.08307671,25.95100089,26.96739082,27.04793366,27.55043249,25.88950372,25.63753651,26.11902732,26.25987903,28.11148558,30.47096654,33.33257124,34.4180229,36.36053211,37.01139151,36.25408113,35.61743864,36.30587538,35.1318193,35.26129179,34.30465633,33.46602422,32.4539249,31.68812557,31.18570741,30.94069772,..,86,India,,356,Country/Area,5501,2020," 1,380,004 "," 116,880 "," 117,982 "," 126,156 "," 126,046 "," 455,538 "," 297,792 "," 139,610 ",8.5%,8.5%,9.1%,9.1%,33.0%,21.6%,10.1%
57,India,IND,Households and NPISHs final consumption expenditure (% of GDP),NE.CON.PRVT.ZS,87.38392282,86.24502478,84.52084964,81.70467429,82.46304223,82.54756421,84.92090269,86.40982064,81.64508491,80.21595727,79.68466792,80.27961383,80.27293948,79.50657859,81.59789459,77.73460259,75.00950693,76.23626664,76.54872079,75.79681622,77.84614005,76.14244012,75.14686792,75.54472966,74.6046149,72.97891568,73.15911918,71.44960278,70.11952668,68.17139053,67.07513358,67.0180739,65.74433866,65.45155698,64.84083991,63.70046088,64.55521817,63.91183232,63.80873394,64.00948654,63.73898114,64.14685743,63.02964675,61.50375761,58.35154794,57.37872994,56.10994541,55.76051108,56.67681598,55.95988847,54.72485776,56.20719957,56.46095379,57.64576609,58.1277171,59.00728108,59.33823554,58.98284693,59.38943442,..,86,India,,356,Country/Area,5501,2020," 1,380,004 "," 116,880 "," 117,982 "," 126,156 "," 126,046 "," 455,538 "," 297,792 "," 139,610 ",8.5%,8.5%,9.1%,9.1%,33.0%,21.6%,10.1%
58,India,IND,Imports of goods and services (% of GDP),NE.IMP.GNFS.ZS,6.833676657,5.957576405,6.031814896,5.906834458,5.684997747,5.211561589,6.671686852,5.946617673,4.94297347,4.030933823,3.878944276,4.002401341,3.708910336,4.723332826,6.02056925,6.646916056,6.114690211,6.264929324,6.588186608,8.169166374,9.245025716,8.571238135,8.142627901,7.852964462,7.725974551,7.645481198,7.023050239,6.980233152,7.455230361,8.152001813,8.452911276,8.493485781,9.590172117,9.817322332,10.19005946,12.02348067,11.5443186,11.92866955,12.6810009,13.36353343,13.9036866,13.43487512,15.24427901,15.64452227,19.6446891,22.39642292,24.45653908,24.88656893,29.27086318,25.87235027,26.85427325,31.08346055,31.25929107,28.41327065,25.95422274,22.10972471,20.96413555,21.98606819,23.63963441,..,86,India,,356,Country/Area,5501,2020," 1,380,004 "," 116,880 "," 117,982 "," 126,156 "," 126,046 "," 455,538 "," 297,792 "," 139,610 ",8.5%,8.5%,9.1%,9.1%,33.0%,21.6%,10.1%
59,India,IND,"Industry (including construction), value added (% of GDP)",NV.IND.TOTL.ZS,20.83434345,21.43484397,22.05260014,21.87947583,20.95528854,21.65510507,21.38661717,20.08944288,20.62711566,21.41748463,21.72930929,22.39200791,22.40800259,21.34823029,22.6756934,23.20125208,24.48052342,24.40026254,25.32441962,25.99220623,25.33624589,26.10291921,26.14980479,26.29884329,26.73913865,26.62907122,26.73083582,26.69923652,26.71158382,27.55099348,27.4536955,26.44172018,26.79274327,26.78155428,27.62820125,28.59980942,27.91227037,27.83703076,27.30303785,26.51929335,27.32582838,26.48777734,27.66065416,27.47410712,29.21910631,29.53376419,30.92723994,30.90323825,31.13671924,31.12137211,30.72507823,30.16167771,29.3985277,28.40489956,27.6564012,27.34739148,26.64216803,26.49817453,26.74639099,..,86,India,,356,Country/Area,5501,2020," 1,380,004 "," 116,880 "," 117,982 "," 126,156 "," 126,046 "," 455,538 "," 297,792 "," 139,610 ",8.5%,8.5%,9.1%,9.1%,33.0%,21.6%,10.1%
60,India,IND,"Inflation, GDP deflator (annual %)",NY.GDP.DEFL.KD.ZG,..,2.14542765,4.40561673,8.353623886,8.551676966,8.300369406,13.27070656,8.616204711,2.415383587,3.34336434,1.562243485,5.32484105,10.8396027,17.82971565,16.66751573,-1.64868155,5.981859342,5.637229339,2.460282317,15.72804321,11.50832081,10.82758198,8.095863097,8.552859607,7.923232845,7.193785446,6.789400453,9.327893305,8.232515365,8.436808873,10.66830385,13.75181894,8.96515236,9.861782853,9.980044775,9.06270222,7.575018288,6.476271263,8.010167523,3.068395521,3.644970161,3.215616017,3.715683777,3.867798086,5.725413227,5.621903263,8.400938217,6.944418254,9.193969626,7.040365435,10.52603086,8.7335779,7.934388476,6.186504001,3.331756917,2.279588108,3.124227441,3.835504789,4.111608823,..,86,India,,356,Country/Area,5501,2020," 1,380,004 "," 116,880 "," 117,982 "," 126,156 "," 126,046 "," 455,538 "," 297,792 "," 139,610 ",8.5%,8.5%,9.1%,9.1%,33.0%,21.6%,10.1%
61,India,IND,"Inflation, GDP deflator: linked series (annual %)",NY.GDP.DEFL.KD.ZG.AD,..,..,..,..,..,..,..,..,..,..,..,..,..,..,..,..,..,..,..,..,..,..,..,..,..,..,..,..,..,..,10.66830385,13.75181894,8.96515236,9.861782853,9.980044775,9.06270222,7.575018288,6.476271263,8.010167523,3.068395521,3.644970161,3.215616017,3.715683777,3.867798086,5.725413227,5.621903263,8.400938217,6.944418254,9.193969626,7.040365435,10.52603086,8.7335779,7.934388476,6.186504001,3.331756917,2.279588108,3.124227441,3.835504789,4.111608823,..,86,India,,356,Country/Area,5501,2020," 1,380,004 "," 116,880 "," 117,982 "," 126,156 "," 126,046 "," 455,538 "," 297,792 "," 139,610 ",8.5%,8.5%,9.1%,9.1%,33.0%,21.6%,10.1%
62,India,IND,"Manufacturing, value added (% of GDP)",NV.IND.MANF.ZS,14.75011809,15.35383648,15.86329813,15.75238835,14.85073996,15.01090777,14.50399297,13.23186125,13.52278801,14.14647158,14.45654509,14.98228674,15.10254938,15.01528531,16.34591338,15.83848666,16.26588883,16.08086893,17.09644052,17.85203449,16.7523758,16.77044375,16.36999594,16.66445469,16.7078036,16.41801286,16.22158381,16.20954935,16.10153485,16.9028459,16.59759644,15.67626016,15.80079982,15.91571211,16.76413813,17.8658506,17.5963408,16.51857853,15.71931602,15.18053671,15.92702302,15.30702128,15.55870173,15.58738665,15.82724574,15.97301704,17.30365333,16.86456778,17.09867415,17.14357767,17.02993425,16.13933813,15.81692301,15.25302269,15.06557011,15.58385459,15.19990151,14.87036402,14.82479713,..,86,India,,356,Country/Area,5501,2020," 1,380,004 "," 116,880 "," 117,982 "," 126,156 "," 126,046 "," 455,538 "," 297,792 "," 139,610 ",8.5%,8.5%,9.1%,9.1%,33.0%,21.6%,10.1%
63,India,IND,Market capitalization of listed domestic companies (% of GDP),CM.MKT.LCAP.GD.ZS,..,..,..,..,..,..,..,..,..,..,..,..,..,..,..,..,..,..,..,..,..,..,..,..,..,..,..,..,..,..,..,..,..,..,..,..,..,..,..,..,..,..,..,45.92614089,54.69251531,67.41664404,87.09066395,149.5066592,53.98341437,97.36443059,97.38688262,55.24712301,69.1239511,61.33572746,76.41992622,72.07765229,68.40108924,87.90924606,76.6343495,..,86,India,,356,Country/Area,5501,2020," 1,380,004 "," 116,880 "," 117,982 "," 126,156 "," 126,046 "," 455,538 "," 297,792 "," 139,610 ",8.5%,8.5%,9.1%,9.1%,33.0%,21.6%,10.1%
64,India,IND,Merchandise trade (% of GDP),TG.VAL.TOTL.GD.ZS,9.816395893,9.359602397,8.929951781,8.473434566,8.110794057,7.598037192,11.76048329,8.748389461,8.158543482,6.924104067,6.648245627,6.622026092,6.536231799,7.165971679,9.10516768,10.90250342,10.91735744,10.72128329,10.58701292,11.52546532,12.58551272,12.25537508,12.02898763,10.63353718,11.65309473,10.78138469,9.968432198,10.02495814,10.90262976,12.30263149,12.94445948,14.13337468,14.9915809,15.88278971,15.84750058,18.13496333,18.08285382,18.38084326,18.13616519,18.01271192,20.04761207,19.31295403,20.53975634,21.6424477,24.87828661,29.55770843,31.92925739,31.19240116,43.02793402,31.45653285,34.41028425,42.09247302,43.03489316,42.02271255,38.52647864,31.38970456,27.30279613,28.19115896,30.75797574,..,86,India,,356,Country/Area,5501,2020," 1,380,004 "," 116,880 "," 117,982 "," 126,156 "," 126,046 "," 455,538 "," 297,792 "," 139,610 ",8.5%,8.5%,9.1%,9.1%,33.0%,21.6%,10.1%
65,India,IND,Military expenditure (% of GDP),MS.MIL.XPND.GD.ZS,2.004012346,2.074359721,2.745400433,4.025306026,3.81923698,3.871414914,3.572370646,3.223923721,3.245568585,3.140814558,3.18518304,3.652453524,3.717947461,3.158643767,3.202826324,3.534598781,3.477883143,3.162771937,3.126331702,3.261328658,3.13378133,3.186248122,3.345117666,3.32306866,3.416875594,3.569030278,4.106468681,4.231317527,3.728671783,3.534179728,3.14621461,2.909974328,2.704839706,2.823542246,2.664673727,2.578483572,2.472768225,2.647732426,2.727311417,2.957195647,2.948929906,2.924435546,2.82686683,2.677776932,2.828752248,2.754907666,2.52680863,2.342633883,2.550194847,2.89349597,2.707464042,2.651496681,2.537346604,2.472726714,2.496769881,2.40512747,2.506470751,2.509624558,2.419034342,..,86,India,,356,Country/Area,5501,2020," 1,380,004 "," 116,880 "," 117,982 "," 126,156 "," 126,046 "," 455,538 "," 297,792 "," 139,610 ",8.5%,8.5%,9.1%,9.1%,33.0%,21.6%,10.1%
66,India,IND,Mineral rents (% of GDP),NY.GDP.MINR.RT.ZS,..,..,..,..,..,..,..,..,..,..,0.23081778,0.237748939,0.221188285,0.189217266,0.237879659,0.331052167,0.473820805,0.407787933,0.261526908,0.290997495,0.295998529,0.290606736,0.349396263,0.253943567,0.255061076,0.250861591,0.240567859,0.191678037,0.254479681,0.321727275,0.304690796,0.366540191,0.306518852,0.261141268,0.193926765,0.192495357,0.208393819,0.209180243,0.347061882,0.25941499,0.299738286,0.329515813,0.326640924,0.347108276,0.45680397,0.994745274,1.19977958,1.984431635,2.579858294,1.123306722,1.681474858,1.471776854,0.807672916,0.946127441,0.596087229,0.336320004,0.412064508,0.513986707,..,..,86,India,,356,Country/Area,5501,2020," 1,380,004 "," 116,880 "," 117,982 "," 126,156 "," 126,046 "," 455,538 "," 297,792 "," 139,610 ",8.5%,8.5%,9.1%,9.1%,33.0%,21.6%,10.1%
67,India,IND,Natural gas rents (% of GDP),NY.GDP.NGAS.RT.ZS,..,..,..,..,..,..,..,..,..,..,0,0,4.21637E-05,0.000347178,0.001378004,0.004563701,0.007322665,0.007625388,0.004177494,0.006454313,0.009051508,0.002656567,0,0.003838883,0.00259873,0.001408956,0.006115943,0.005678019,0.007406742,0.006985321,0.020555944,0.023398581,0.018896333,0.022643832,0.023613281,0.030486755,0.052659694,0.0474014,0.043076955,0.055477232,0.086328654,0.082011683,0.12581301,0.112399243,0.107194508,0.143707487,0.170933056,0.097276642,0.091729191,0.142414801,0.121195868,0.197094217,0.16868894,0.108332376,0.102509616,0.080009897,0.041435701,0.043693386,..,..,86,India,,356,Country/Area,5501,2020," 1,380,004 "," 116,880 "," 117,982 "," 126,156 "," 126,046 "," 455,538 "," 297,792 "," 139,610 ",8.5%,8.5%,9.1%,9.1%,33.0%,21.6%,10.1%
68,India,IND,Net acquisition of financial assets (% of GDP),GC.AST.TOTL.GD.ZS,..,..,..,..,..,..,..,..,..,..,..,..,..,..,2.88745443,3.902011986,4.144352735,3.830864409,4.400408083,4.189793374,5.023021842,4.552149904,4.767804619,4.645134,4.969700218,5.548720104,5.620576098,4.626591054,4.402801461,4.588693948,4.230274358,3.165068809,2.86549088,3.121602334,2.999503511,2.920662407,2.743372652,2.069703407,1.885857719,2.014071013,1.550923965,1.632614836,0.400142215,-0.553440759,1.864243946,1.038978656,0.143631795,1.785079251,-0.348702732,0.69533731,0.935192362,0.771376451,0.714299139,1.138467565,0.603755019,0.943974663,0.785164491,0.800380003,..,..,86,India,,356,Country/Area,5501,2020," 1,380,004 "," 116,880 "," 117,982 "," 126,156 "," 126,046 "," 455,538 "," 297,792 "," 139,610 ",8.5%,8.5%,9.1%,9.1%,33.0%,21.6%,10.1%
69,India,IND,"Net incurrence of liabilities, total (% of GDP)",GC.LBL.TOTL.GD.ZS,..,..,..,..,..,..,..,..,..,..,..,..,..,..,3.046188836,4.315097164,3.501732994,5.970765081,2.274757144,5.262937283,6.147030926,4.781927846,7.499952262,4.371446526,6.951553062,7.820152714,8.730519316,7.659492548,7.607316129,7.334409469,7.616611499,5.414485824,5.172124332,7.026316463,5.403427194,5.101350677,4.762061892,4.859981727,5.188746547,5.295128238,5.361220952,5.980668231,5.061795003,2.876602791,5.120401889,4.27044814,2.407659996,2.264189664,4.623883821,6.208871479,4.415760453,5.666337505,4.883541433,4.677696079,3.851188348,3.719781887,3.086363014,2.686594739,..,..,86,India,,356,Country/Area,5501,2020," 1,380,004 "," 116,880 "," 117,982 "," 126,156 "," 126,046 "," 455,538 "," 297,792 "," 139,610 ",8.5%,8.5%,9.1%,9.1%,33.0%,21.6%,10.1%
70,India,IND,Net investment in nonfinancial assets (% of GDP),GC.NFN.TOTL.GD.ZS,..,..,..,..,..,..,..,..,..,..,..,..,..,..,0.905793951,0.726419675,0.592517185,0.420097302,0.451756296,0.426505912,0.423628348,0.489073957,0.516934753,0.523382865,0.634446689,0.59114183,0.777721383,0.514556955,0.532183736,0.470728842,0.429779628,-0.061607179,0.129270265,0.348176527,-0.206020016,0.193433437,0.261539878,0.218793335,-0.058680909,0.235985047,0.141362691,-0.081848861,0.277780699,-0.217114935,0.286002846,0.47580966,0.450803115,-0.283587637,0.555316536,0.131267143,0.194040921,0.246556592,0.22666905,0.049005113,..,..,..,..,..,..,86,India,,356,Country/Area,5501,2020," 1,380,004 "," 116,880 "," 117,982 "," 126,156 "," 126,046 "," 455,538 "," 297,792 "," 139,610 ",8.5%,8.5%,9.1%,9.1%,33.0%,21.6%,10.1%
71,India,IND,Net lending (+) / net borrowing (-) (% of GDP),GC.NLD.TOTL.GD.ZS,..,..,..,..,..,..,..,..,..,..,..,..,..,..,-0.085666187,0.150212792,0.128523948,0.184573643,-0.107391968,-0.907235536,-1.003652395,-0.501807243,-0.786527352,-1.277800611,-2.001282774,-2.272486964,-2.921480848,-3.0782223,-3.064074059,-2.745715522,-3.386337141,-2.249417015,-2.306633452,-3.90437166,-2.403923682,-2.18068827,-2.01868924,-2.79027832,-3.302888828,-3.281057226,-3.810296987,-4.348053395,-4.661652788,-3.43004355,-3.256157942,-3.231469483,-2.2640282,-0.479110413,-4.972586553,-5.513534169,-3.48058119,-3.206494809,-3.764476133,-4.065733042,-3.247437179,-2.77580962,-2.3013112,-1.886217661,..,..,86,India,,356,Country/Area,5501,2020," 1,380,004 "," 116,880 "," 117,982 "," 126,156 "," 126,046 "," 455,538 "," 297,792 "," 139,610 ",8.5%,8.5%,9.1%,9.1%,33.0%,21.6%,10.1%
72,India,IND,Oil rents (% of GDP),NY.GDP.PETR.RT.ZS,..,..,..,..,..,..,..,..,..,..,0.046068786,0.056691146,0.046520842,0.05622238,0.181398286,0.40399674,0.539437878,0.644963084,0.642222697,1.530869308,1.026286381,1.604685298,1.36607332,1.704591434,1.776986317,2.06824801,0.972434472,1.117390932,0.815583304,1.432511355,1.7842735,1.239849823,0.96378928,1.010588645,0.843456269,0.934308618,1.00438024,0.909160787,0.491746528,0.720122534,1.208719693,0.881900534,0.890021045,0.918141228,1.070270904,1.331758755,1.381831113,1.173877405,1.595445488,0.676701629,0.801684475,1.330552556,1.296459155,1.154449776,0.925546227,0.354210252,0.2350212,0.322350871,..,..,86,India,,356,Country/Area,5501,2020," 1,380,004 "," 116,880 "," 117,982 "," 126,156 "," 126,046 "," 455,538 "," 297,792 "," 139,610 ",8.5%,8.5%,9.1%,9.1%,33.0%,21.6%,10.1%
73,India,IND,"Personal remittances, received (% of GDP)",BX.TRF.PWKR.DT.GD.ZS,..,..,..,..,..,..,..,..,..,..,..,..,..,..,..,0.436550715,0.625351969,0.769146833,0.848342482,0.939279052,1.479656772,1.189419748,1.30417233,1.218754621,1.081622166,1.061971221,0.89961007,0.955230646,0.780641286,0.882929229,0.742646651,1.21771356,1.005322965,1.261309792,1.789529873,1.727257287,2.231040806,2.484194782,2.249737062,2.424539193,2.750556194,2.940216906,3.055850966,3.455516813,2.64406915,2.696926601,3.013384131,3.05873849,4.168609649,3.666771239,3.191660935,3.428269194,3.765544552,3.768488566,3.451900122,3.275817292,2.739411693,2.600334102,2.898048216,..,86,India,,356,Country/Area,5501,2020," 1,380,004 "," 116,880 "," 117,982 "," 126,156 "," 126,046 "," 455,538 "," 297,792 "," 139,610 ",8.5%,8.5%,9.1%,9.1%,33.0%,21.6%,10.1%
74,India,IND,"PPP conversion factor, GDP (LCU per international $)",PA.NUS.PPP,..,..,..,..,..,..,..,..,..,..,..,..,..,..,..,..,..,..,..,..,..,..,..,..,..,..,..,..,..,..,5.334554373,5.869655233,6.253370191,6.711060156,7.22651353,7.719564687,8.155002512,8.535949446,9.117078713,9.263085995,9.390793921,9.484725423,9.683970366,9.875136108,10.1668162,10.41399484,10.95727844,11.41164897,12.22307755,12.98463848,14.18610191,15.10943462,16.00139329,16.69827939,16.93424791,17.13702566,17.48126326,17.81316923,18.10455895,..,86,India,,356,Country/Area,5501,2020," 1,380,004 "," 116,880 "," 117,982 "," 126,156 "," 126,046 "," 455,538 "," 297,792 "," 139,610 ",8.5%,8.5%,9.1%,9.1%,33.0%,21.6%,10.1%
75,India,IND,Price level ratio of PPP conversion factor (GDP) to market exchange rate,PA.NUS.PPPC.RF,..,..,..,..,..,..,..,..,..,..,..,..,..,..,..,..,..,..,..,..,..,..,..,..,..,..,..,..,..,..,0.297214496,0.239396019,0.236768739,0.213971304,0.230160602,0.230695073,0.229713204,0.229718514,0.216752303,0.213759248,0.205553051,0.198867886,0.200056819,0.214898778,0.226272177,0.235219066,0.242152475,0.283443879,0.265756052,0.273685199,0.311356824,0.315295527,0.294094063,0.27599595,0.276958634,0.261759864,0.260634292,0.276366409,0.25892174,..,86,India,,356,Country/Area,5501,2020," 1,380,004 "," 116,880 "," 117,982 "," 126,156 "," 126,046 "," 455,538 "," 297,792 "," 139,610 ",8.5%,8.5%,9.1%,9.1%,33.0%,21.6%,10.1%
76,India,IND,Research and development expenditure (% of GDP),GB.XPD.RSDV.GD.ZS,..,..,..,..,..,..,..,..,..,..,..,..,..,..,..,..,..,..,..,..,..,..,..,..,..,..,..,..,..,..,..,..,..,..,..,..,0.63905,0.68669,0.70379,0.72413,0.75699,0.73591,0.72567,0.71929,0.7569,0.82411,0.80473,0.80507,0.85876,0.83314,0.81281,0.83125,..,..,..,0.61957,..,..,0.59738,..,86,India,,356,Country/Area,5501,2020," 1,380,004 "," 116,880 "," 117,982 "," 126,156 "," 126,046 "," 455,538 "," 297,792 "," 139,610 ",8.5%,8.5%,9.1%,9.1%,33.0%,21.6%,10.1%
77,India,IND,"Revenue, excluding grants (% of GDP)",GC.REV.XGRT.GD.ZS,..,..,..,..,..,..,..,..,..,..,..,..,..,..,9.422020804,10.65689349,11.05523791,10.80044207,11.37733587,11.5213248,10.82598223,11.14104685,11.48433424,11.17853385,11.58777224,12.5271459,13.05792945,13.06759116,12.84787028,13.54369186,12.42594274,12.88496024,12.8183817,11.47555585,11.89232782,12.16407659,12.23824527,11.96011988,10.99037005,11.7032891,11.70342888,11.04005086,11.59413471,11.85312184,12.08292197,12.33509425,13.31678983,14.43959578,12.7597308,11.42028859,13.18359654,11.495993,12.59987278,12.60899341,11.55062064,12.41520954,13.23066611,12.86156408,..,..,86,India,,356,Country/Area,5501,2020," 1,380,004 "," 116,880 "," 117,982 "," 126,156 "," 126,046 "," 455,538 "," 297,792 "," 139,610 ",8.5%,8.5%,9.1%,9.1%,33.0%,21.6%,10.1%
78,India,IND,"Services, value added (% of GDP)",NV.SRV.TOTL.ZS,38.78246176,38.3258752,39.93584497,38.0951803,36.34082146,37.4507382,36.45979666,34.60955551,35.05413136,34.30585261,35.04687086,35.80364908,35.52165492,32.94770561,33.61059595,35.13924139,35.80372322,34.66144961,34.93936473,35.52141473,33.80725874,33.87161864,34.89683728,34.52160063,35.42081609,36.11499977,36.98846784,37.45227949,36.7964455,37.22939798,37.04478519,37.78569002,37.91256818,38.49068492,37.49630234,37.84966812,37.70932947,39.07955152,40.13256873,41.96573779,42.73292664,43.80896126,44.72882755,44.70464565,44.11485897,44.44293292,44.04323571,44.00815792,45.88254991,45.98488281,45.03374956,45.4421427,46.3011473,46.69871477,47.82241376,47.78374812,47.82255828,48.45101758,49.12861425,..,86,India,,356,Country/Area,5501,2020," 1,380,004 "," 116,880 "," 117,982 "," 126,156 "," 126,046 "," 455,538 "," 297,792 "," 139,610 ",8.5%,8.5%,9.1%,9.1%,33.0%,21.6%,10.1%
79,India,IND,"Stocks traded, total value (% of GDP)",CM.MKT.TRAD.GD.ZS,..,..,..,..,..,..,..,..,..,..,..,..,..,..,..,..,..,..,..,..,..,..,..,..,..,..,..,..,..,..,..,..,..,..,..,..,..,..,..,..,..,..,..,44.76445119,55.3860273,56.54195591,69.31948685,93.97142641,77.19226793,81.27035457,64.51697398,35.40468426,33.70874197,28.96380367,35.83414422,36.69910545,35.00976993,44.71728509,46.32669554,..,86,India,,356,Country/Area,5501,2020," 1,380,004 "," 116,880 "," 117,982 "," 126,156 "," 126,046 "," 455,538 "," 297,792 "," 139,610 ",8.5%,8.5%,9.1%,9.1%,33.0%,21.6%,10.1%
80,India,IND,Tax revenue (% of GDP),GC.TAX.TOTL.GD.ZS,..,..,..,..,..,..,..,..,..,..,..,..,..,..,8.181120886,9.024502908,9.181837991,8.597094206,9.302274531,9.689048923,9.026071739,9.213690315,9.269121352,9.268497406,9.306539865,10.07541854,10.42730886,10.40830997,10.35673801,10.46834451,9.993591396,10.17092242,9.805228442,8.53523362,8.981772016,9.226824691,9.231468691,9.008577732,8.113143511,8.638300028,8.810143496,8.079454445,8.676273931,9.108084322,9.570817081,10.08093153,11.12933705,12.10834699,10.97717215,9.809725406,10.38803979,10.17738453,10.83677172,11.00162569,9.984654191,10.56970905,11.08709284,11.18207933,..,..,86,India,,356,Country/Area,5501,2020," 1,380,004 "," 116,880 "," 117,982 "," 126,156 "," 126,046 "," 455,538 "," 297,792 "," 139,610 ",8.5%,8.5%,9.1%,9.1%,33.0%,21.6%,10.1%
81,India,IND,Total natural resources rents (% of GDP),NY.GDP.TOTL.RT.ZS,..,..,..,..,..,..,..,..,..,..,0.687274846,0.850544153,0.833668323,0.967734972,1.380828862,2.984709656,2.916341787,3.946107479,3.365038768,3.258841403,2.918613175,3.909924319,4.108305289,3.47737694,3.380457882,3.510965098,2.428856549,2.173571417,2.045272844,2.895289345,3.410522107,3.21993544,2.730027748,2.518437284,2.076471757,2.500937784,2.445079028,2.191250807,1.758703742,1.777213369,2.422637191,2.467175732,2.299208493,2.338280594,3.28688793,3.800130034,4.131110985,4.712668886,7.351268587,3.503852129,4.482880744,5.300210171,3.978743032,3.609366826,2.814354736,1.834144643,1.837673495,2.142972297,..,..,86,India,,356,Country/Area,5501,2020," 1,380,004 "," 116,880 "," 117,982 "," 126,156 "," 126,046 "," 455,538 "," 297,792 "," 139,610 ",8.5%,8.5%,9.1%,9.1%,33.0%,21.6%,10.1%
82,India,IND,Trade (% of GDP),NE.TRD.GNFS.ZS,11.29683311,10.26116259,10.20079018,10.18733784,9.41054892,8.51903437,10.81423751,9.981062668,8.981744476,7.744776644,7.661769338,7.669606558,7.736399597,8.932096019,10.85189025,12.29397821,12.80120307,12.64810114,12.90301184,14.91880453,15.38457685,14.50726476,14.12592775,13.69059389,14.00937594,12.90003619,12.2192719,12.58481404,13.49045012,15.16813209,15.50626151,16.98772655,18.43309904,19.65153979,20.07814438,22.86744871,21.92948787,22.61938687,23.69947008,24.81559804,26.90092291,25.99325475,29.50866294,30.59243613,37.50381406,42.00166962,45.7244805,45.68626868,53.36822044,46.27286964,49.2552065,55.62386544,55.79372173,53.84413195,48.92218575,41.92291387,40.15888891,40.76668046,43.37765309,..,86,India,,356,Country/Area,5501,2020," 1,380,004 "," 116,880 "," 117,982 "," 126,156 "," 126,046 "," 455,538 "," 297,792 "," 139,610 ",8.5%,8.5%,9.1%,9.1%,33.0%,21.6%,10.1%
83,India,IND,Trade in services (% of GDP),BG.GSR.NFSV.GD.ZS,..,..,..,..,..,..,..,..,..,..,..,..,..,..,..,1.924436148,2.138079616,2.142349096,2.303009294,2.746973962,3.194684741,3.124850906,3.190657066,3.204924141,3.239813725,3.134077808,2.881107102,2.864378097,3.072495583,3.382438858,3.338041007,4.024555452,4.048871712,4.154581821,4.35043708,4.73032635,4.685558305,5.182733102,6.225451787,6.926517401,7.658720444,7.711733878,7.868399505,8.026939357,10.37002264,12.10964666,13.60836661,12.88096874,13.48049849,10.8742145,11.69607839,11.8639646,12.33527824,12.27355723,11.6870933,11.35779871,11.25295204,11.11003675,12.10627474,..,86,India,,356,Country/Area,5501,2020," 1,380,004 "," 116,880 "," 117,982 "," 126,156 "," 126,046 "," 455,538 "," 297,792 "," 139,610 ",8.5%,8.5%,9.1%,9.1%,33.0%,21.6%,10.1%
84,India,IND,"Water productivity, total (constant 2010 US$ GDP per cubic meter of total freshwater withdrawal)",ER.GDP.FWTL.M3.KD,..,..,..,..,..,..,..,..,..,..,..,..,..,..,..,0.667199783,..,..,..,..,0.674400733,..,..,..,..,..,0.800748971,..,..,..,1.015130009,..,..,..,..,..,..,..,..,..,1.430795244,..,..,..,..,..,..,..,..,..,2.587822912,..,..,..,..,..,..,..,..,..,86,India,,356,Country/Area,5501,2020," 1,380,004 "," 116,880 "," 117,982 "," 126,156 "," 126,046 "," 455,538 "," 297,792 "," 139,610 ",8.5%,8.5%,9.1%,9.1%,33.0%,21.6%,10.1%
